Name,Sex,Age,Country,Sport,Year,Medal
Ian Millar,M,61,Canada,Equestrianism,2008,1
"Nicholas David ""Nick"" Skelton",M,58,Great Britain,Equestrianism,2016,1
Mark James Todd,M,56,New Zealand,Equestrianism,2012,1
"Malcolm ""Mac"" Cone",M,55,Canada,Equestrianism,2008,1
Santiago Ral Lange Roberti,M,54,Argentina,Sailing,2016,1
Philippe Rozier,M,53,France,Equestrianism,2016,1
"Elizabeth ""Beezie"" Madden (Patton-)",F,52,United States,Equestrianism,2016,1
Lesley Allison Thompson-Willie,F,52,Canada,Rowing,2012,1
Peter Charles,M,52,Great Britain,Equestrianism,2012,1
Ludger Beerbaum,M,52,Germany,Equestrianism,2016,1
Phillip Peter Dutton,M,52,United States,Equestrianism,2016,1
Abdullah Al-Rashidi,M,52,Individual Olympic Athletes,Shooting,2016,1
Stuart Brian Tinney,M,51,Australia,Equestrianism,2016,1
Peter Thomsen,M,51,Germany,Equestrianism,2012,1
Mary Elizabeth Thomson-King,F,51,Great Britain,Equestrianism,2012,1
Steffen Peters,M,51,United States,Equestrianism,2016,1
Jean Georges Marie Teulre,M,50,France,Equestrianism,2004,1
Roger-Yves Bost,M,50,France,Equestrianism,2016,1
Andrew Clifton Nicholson,M,50,New Zealand,Equestrianism,2012,1
Carl Rupert Hester,M,49,Great Britain,Equestrianism,2016,1
"Russell W. ""Russ"" Howard",M,49,Canada,Curling,2006,1
Fehaid Al-Deehani,M,49,Individual Olympic Athletes,Shooting,2016,1
Rajmond Debevec,M,49,Slovenia,Shooting,2012,1
"Deborah ""Debbie"" McDonald",F,49,United States,Equestrianism,2004,1
"William ""Will"" Simpson",M,49,United States,Equestrianism,2008,1
Robert Jeffrey Dover,M,48,United States,Equestrianism,2004,1
Ingrid Klimke (-Busacker),F,48,Germany,Equestrianism,2016,1
Eric Lamaze,M,48,Canada,Equestrianism,2016,1
Dorothee Schneider (-Krumhoff),F,47,Germany,Equestrianism,2016,1
Heidi Diethelm Gerber,F,47,Switzerland,Shooting,2016,1
Isabelle Regina Werth,F,47,Germany,Equestrianism,2016,2
Harald Stenvaag,M,47,Norway,Shooting,2000,1
"Wilhelm ""Willi"" Melliger",M,47,Switzerland,Equestrianism,2000,1
Luiz Felipe Cortizo Gonalves de Azevedo,M,47,Brazil,Equestrianism,2000,1
Kevin Lobdell Burnham,M,47,United States,Sailing,2004,1
Anne Jensen-van Olst,F,46,Clearwater,Equestrianism,2008,1
Ralf Schumann,M,46,Germany,Shooting,2008,1
Heike Kemmer,F,46,Germany,Equestrianism,2008,1
Rafael Soto Andrade,M,46,Spain,Equestrianism,2004,1
Ian David Stark,M,46,Great Britain,Equestrianism,2000,1
Ulla Salzgeber (Helbing-),F,46,Germany,Equestrianism,2004,2
Carolyn Darbyshire-McRory,F,46,Canada,Curling,2010,1
Jochen Schmann,M,46,Germany,Sailing,2000,1
Warren James Potent,M,46,Australia,Shooting,2008,1
Meredith T. Michaels-Beerbaum,F,46,Germany,Equestrianism,2016,1
Rolf-Gran Bengtsson,M,46,Sweden,Equestrianism,2008,1
Magnus Liljedahl,M,46,United States,Sailing,2000,1
Dan Anders Hkan Dahlby,M,46,Sweden,Shooting,2012,1
rad Suleyman Aumova,F,46,Azerbaijan,Shooting,2004,1
Giovanni Pellielo,M,46,Italy,Shooting,2016,1
Otto Becker,M,45,Germany,Equestrianism,2004,1
Hinrich Peter Romeike,M,45,Germany,Equestrianism,2008,2
"Gillian ""Jill"" Henselwood",F,45,Canada,Equestrianism,2008,1
Markus Fuchs,M,45,Switzerland,Equestrianism,2000,1
"Richard Andrew ""Butch"" Johnson",M,45,United States,Archery,2000,1
Juan Antonio Jimnez Cobo,M,45,Spain,Equestrianism,2004,1
Pius Schwizer,M,45,Switzerland,Equestrianism,2008,1
Cheryl Noble,F,45,Canada,Curling,2002,1
Martin Schaudt,M,45,Germany,Equestrianism,2004,1
Sergey Gennadyevich Alifirenko,M,45,Russia,Shooting,2004,1
"Kenneth ""Ken"" Tralnberg",M,45,Canada,Curling,2002,1
Torben Schmidt Grael,M,44,Brazil,Sailing,2004,1
Carl Peder Fredricson,M,44,Sweden,Equestrianism,2016,1
Sergey Anatolyevich Martynov,M,44,Belarus,Shooting,2012,1
Elena Georgescu-Nedelcu,F,44,Romania,Rowing,2008,1
"Theodora Elisabeth Gerarda ""Anky"" van Grunsven",F,44,Netherlands,Equestrianism,2012,1
Didier Courrges,M,44,France,Equestrianism,2004,1
Mark Jeffrey Reynolds,M,44,United States,Sailing,2000,1
Andrea Benelli,M,44,Italy,Shooting,2004,1
Hubertus Schmidt,M,44,Germany,Equestrianism,2004,1
Sandra Jenkins (Rippel-),F,44,Canada,Curling,2006,1
Albert Bernard Voorn,M,44,Netherlands,Equestrianism,2000,1
Ulf Peter Tobias Eriksson,M,44,Sweden,Equestrianism,2004,1
Sam Griffiths,M,44,Australia,Equestrianism,2016,1
Cheryl Bernard (Kullman-),F,43,Canada,Curling,2010,1
William Speed Lane Fox-Pitt,M,43,Great Britain,Equestrianism,2012,1
Josefa Idem-Guerrini,F,43,Italy,Canoeing,2008,1
Wang Yifu,M,43,China,Shooting,2004,1
Nadine Capellmann (-Biffar-),F,43,Elvis Va,Equestrianism,2008,1
Spencer James W. Wilton,M,43,Great Britain,Equestrianism,2016,1
Shane Rose,M,43,Australia,Equestrianism,2016,1
Kevin Martin,M,43,Canada,Curling,2010,1
Juan Esteban Curuchet,M,43,Argentina,Cycling,2008,1
Jesper Bank,M,43,Denmark,Sailing,2000,1
"Jacoba Maria Jozina ""Coby"" van Baalen (Dorresteijn-)",F,43,Netherlands,Equestrianism,2000,1
Teemu Ilmari Selnne,M,43,Finland,Ice Hockey,2014,1
Glenys Bakker,F,43,Canada,Curling,2006,1
Diane Nelson (-Dezura),F,43,Canada,Curling,2002,1
Anette Charlotte Norberg,F,43,Sweden,Curling,2010,1
Guenter H. Seidel,M,43,United States,Equestrianism,2004,1
Christine S.  Traurig,F,43,United States,Equestrianism,2000,1
Fredrik Max Emil Lf,M,42,Sweden,Sailing,2012,1
Birgit Fischer-Schmidt,F,42,Germany,Canoeing,2004,2
Karen Lende O'Connor,F,42,United States,Equestrianism,2000,1
"Petronella Theodora Maria ""Ellen"" Bontje",F,42,Netherlands,Equestrianism,2000,1
Lucinda Fredericks (Murray-),F,42,Australia,Equestrianism,2008,1
Laura Kraut (Kent-),F,42,United States,Equestrianism,2008,1
Thibaut Vallette,M,42,France,Equestrianism,2016,1
Ian R. Peel,M,42,Great Britain,Shooting,2000,1
Ilario Di Bu,M,42,Italy,Archery,2008,1
Paul Martin Davis,M,42,Norway,Sailing,2000,1
tienne De Wilde,M,42,Belgium,Cycling,2000,1
Kamal Bahamdan,M,42,Saudi Arabia,Equestrianism,2012,1
Kristin Ann Armstrong (-Savola),F,42,United States,Cycling,2016,1
Andrey Ivanovich Lavrov,M,42,Russia,Handball,2004,1
Albert Mikhaylovich Demchenko,M,42,Russia,Luge,2014,2
Susan M. Blinks,F,42,United States,Equestrianism,2000,1
Jri Jaanson,M,42,Estonia,Rowing,2008,1
"Edwin Johannes ""Edward"" Gal",M,42,Netherlands,Equestrianism,2012,1
"Jan Johannes ""Jur"" Vrieling",M,42,Netherlands,Equestrianism,2012,1
Andreas Dibowski,M,42,Germany,Equestrianism,2008,1
Igor Nikolayevich Larionov,M,41,Russia,Ice Hockey,2002,1
Hiroshi Yamamoto,M,41,Japan,Archery,2004,1
Reika Utsugi,F,41,Japan,Softball,2004,1
Zemfira Aliyevna Meftkhtddinova,F,41,Azerbaijan,Shooting,2004,1
Hong Xun Vinh,M,41,Vietnam,Shooting,2016,2
Marc Francis Houtzager,M,41,Netherlands,Equestrianism,2012,1
Jeannie Longo-Ciprelli,F,41,France,Cycling,2000,1
"Dara Grace Torres (-Hoffman, -Minas)",F,41,United States,Swimming,2008,3
Markus Eggler,M,41,Switzerland,Curling,2010,1
Gza Imre,M,41,Hungary,Fencing,2016,2
Christian Ahlmann,M,41,Germany,Equestrianism,2016,1
Dominik Haek,M,41,Czech Republic,Ice Hockey,2006,1
"Althea Kristina ""Tina"" Cook (Gifford-)",F,41,Great Britain,Equestrianism,2012,1
"Donald Brian ""Don"" Bartlett",M,41,Canada,Curling,2002,1
Hans Daniel Alfredsson,M,41,Sweden,Ice Hockey,2014,1
Noriaki Kasai,M,41,Japan,Ski Jumping,2014,2
Gao E,F,41,China,Shooting,2004,1
Andrew James Hoy,M,41,Australia,Equestrianism,2000,2
Nasser Salih Nasser Abdullah Al-Attiya,M,41,Qatar,Shooting,2012,1
Nina Fout,F,41,United States,Equestrianism,2000,1
Hilde Gjermundshaug Pedersen,F,41,Norway,CrossCountry Skiing,2006,1
Ole Einar Bjrndalen,M,40,Norway,Biathlon,2014,2
Katherine Jane Grainger,F,40,Great Britain,Rowing,2016,1
Paul Jeffrey Foerster,M,40,United States,Sailing,2004,1
Halvard Hanevold,M,40,Norway,Biathlon,2010,1
Aleksandr Arkadyevich Tuchkin,M,40,Russia,Handball,2004,1
Jonathan Dunn McKee,M,40,United States,Sailing,2000,1
McLain Ward,M,40,United States,Equestrianism,2016,1
Iztok op,M,40,Slovenia,Rowing,2012,1
"Gregory Mark Pascoe ""Greg"" Searle",M,40,Great Britain,Rowing,2012,1
Sabine Spitz,F,40,Germany,Cycling,2012,1
"Srgio ""Escadinha"" Dutra dos Santos",M,40,Brazil,Volleyball,2016,1
Merlene Joyce Ottey-Page,F,40,Jamaica,Athletics,2000,2
Ivan Grigoryevich Tikhon,M,40,Belarus,Athletics,2016,1
Vasily Aleksandrovich Mosin,M,40,Russia,Shooting,2012,1
Ignacio Rambla Algarn,M,40,Spain,Equestrianism,2004,1
"Christos Kostas ""Chris"" Chelios (Tselios-)",M,40,United States,Ice Hockey,2002,1
Eskild Balschmidt Ebbesen,M,40,Denmark,Rowing,2012,1
Vasilij bogar,M,40,Slovenia,Sailing,2016,1
Danielle Goyette,F,40,Canada,Ice Hockey,2006,1
Fiona Clare Bigwood,F,40,Great Britain,Equestrianism,2016,1
Juha Petter Hirvi,M,40,Finland,Shooting,2000,1
Ramzy Al-Duhami,M,40,Saudi Arabia,Equestrianism,2012,1
Yuriy Oleksandrovych Sukhorukov,M,40,Ukraine,Shooting,2008,1
"Michael E. ""Mike"" Anti",M,40,United States,Shooting,2004,1
Ahmed bin Hasher Al-Maktoum,M,40,United Arab Emirates,Shooting,2004,1
Clayton Fredericks,M,40,Australia,Equestrianism,2008,1
Armin Zggeler,M,40,Italy,Luge,2014,1
Niklaus Schurtenberger,M,40,Switzerland,Equestrianism,2008,1
Bruno Prada,M,40,Brazil,Sailing,2012,1
Sonja Johnson,F,40,Australia,Equestrianism,2008,1
Olaf Karl Tufte,M,40,Norway,Rowing,2016,1
Karim Florent Laghouag,M,40,France,Equestrianism,2016,1
Henrik Olof Stenson,M,40,Sweden,Golf,2016,1
Malcolm George Page,M,40,Australia,Sailing,2012,1
Joan Llaneras Rossell,M,39,Spain,Cycling,2008,2
Samuele Papi,M,39,Italy,Volleyball,2012,1
Sami Sakari Salo,M,39,Finland,Ice Hockey,2014,1
Markku Juhani Uusipaavalniemi,M,39,Finland,Curling,2006,1
"Dorothy Lee ""Dotsie"" Bausch (Cowden-)",F,39,United States,Cycling,2012,1
Emanuel Fernando Scheffler Rego,M,39,Brazil-1,Beach Volleyball,2012,1
"Michael Scott ""Mike"" McKay",M,39,Australia,Rowing,2004,1
Elisabeta Oleniuc-Lip,F,39,Romania,Rowing,2004,1
Duff Gibson,M,39,Canada,Skeleton,2006,1
Doina Ignat,F,39,Romania,Rowing,2008,1
"Maureen ""Mo"" O'Toole (Mendoza-)",F,39,United States,Water Polo,2000,1
John Williams,M,39,United States,Equestrianism,2004,1
Gbor Gyula Boczk,M,39,Hungary,Fencing,2016,1
Ellina Aleksandrovna Zvereva (Kisheyeva-),F,39,Belarus,Athletics,2000,1
Robert Scheidt,M,39,Brazil,Sailing,2012,1
Mihaela Ciobanu Ciobanu,F,39,Spain,Handball,2012,1
Barbara Mensing,F,39,Germany,Archery,2000,1
Brian Lee Shimer,M,39,United States-2,Bobsleigh,2002,1
Dina Igaly,F,39,Hungary,Shooting,2004,1
Sergey Vladimirovich Chepikov,M,39,Russia,Biathlon,2006,1
Darren M. Chiacchia,M,39,United States,Equestrianism,2004,1
Jennifer Judith Jones,F,39,Canada,Curling,2014,1
Yvonne McGregor,F,39,Great Britain,Cycling,2000,1
Aleksandr Yuryevich Zubkov,M,39,Russia-1,Bobsleigh,2014,2
Caroline Helen Powell,F,39,New Zealand,Equestrianism,2012,1
Francesco D'Aniello,M,39,Italy,Shooting,2008,1
Luigi Tarantino,M,39,Italy,Fencing,2012,1
Pl Trulsen,M,39,Norway,Curling,2002,1
Danielle Raquel Scott-Arruda,F,39,United States,Volleyball,2012,1
Angelo Mazzoni,M,39,Italy,Fencing,2000,1
Nino Salukvadze (-Machavariani),F,39,Georgia,Shooting,2008,1
Christoph Langen,M,39,Germany-1,Bobsleigh,2002,1
Peter Wylde,M,39,United States,Equestrianism,2004,1
Svetlana Aleksandrovna Dyomina (Yakimova-),F,39,Russia,Shooting,2000,1
Eva Cathrine Lindahl (Norberg-),F,39,Sweden,Curling,2010,1
Munkhbayar Dorjsuren,F,39,Germany,Shooting,2008,1
David Ross MacDonald,M,39,Canada,Sailing,2004,1
Leslie Francis Law,M,39,Great Britain,Equestrianism,2004,2
Thierry Omeyer,M,39,France,Handball,2016,1
Odd-Bjrn Hjelmeset,M,38,Norway,CrossCountry Skiing,2010,1
Tore Brovold,M,38,Norway,Shooting,2008,1
Maria Valentina Vezzali,F,38,Italy,Fencing,2012,2
"Corinne ""Cori"" Bartel (-Morris)",F,38,Canada,Curling,2010,1
Margit Anna Kristina Bergstrand,F,38,Sweden,Ice Hockey,2002,1
Beatriz Ferrer-Salat Serra de Migui,F,38,Spain,Equestrianism,2004,2
Jol Marc Abati,M,38,France,Handball,2008,1
James Bruce Tomkins,M,38,Australia,Rowing,2004,1
Giovanna Trillini,F,38,Italy,Fencing,2008,1
Aleksandr Nikolayevich Vinokurov,M,38,Kazakhstan,Cycling,2012,1
Roman Hagara,M,38,Austria,Sailing,2004,1
"Donald J. ""Don"" Walchuk",M,38,Canada,Curling,2002,1
Kathrin Boron (-Kppen),F,38,Germany,Rowing,2008,1
Constantina Di-Tomescu,F,38,Romania,Athletics,2008,1
Christoph Sumann,M,38,Austria,Biathlon,2014,1
Martin St. Louis,M,38,Canada,Ice Hockey,2014,1
Petr Mlek,M,38,Czech Republic,Shooting,2000,1
"Sarah ""Pease"" Glaser (Herndon-)",F,38,United States,Sailing,2000,1
Marit van Eupen,F,38,Netherlands,Rowing,2008,1
Lisa Raymond,F,38,United States-1,Tennis,2012,1
Eva Maria Lund (-Eriksson),F,38,Sweden,Curling,2010,1
Lilli Margaretha Sigfridsson,F,38,Sweden,Curling,2014,1
Chiara Cainero,F,38,Italy,Shooting,2016,1
Vadim Anatolyevich Khamuttskikh,M,38,Russia,Volleyball,2008,1
Samir Bara,M,38,Croatia,Water Polo,2012,1
Antonio Scull Hernndez,M,38,Cuba,Baseball,2004,1
"Hlia ""Fofo"" Rogrio de Souza Pinto",F,38,Brazil,Volleyball,2008,1
Pavel Alekseyevich Sukosyan,M,38,Russia,Handball,2000,1
"Dorothy Gay ""Dot"" Richardson",F,38,United States,Softball,2000,1
Lori-Ann Muenzer,F,38,Canada,Cycling,2004,1
"Charles ""Charlie"" McKee",M,38,United States,Sailing,2000,1
Ildik Mincza-Nbald,F,38,Hungary,Fencing,2008,1
Flemming Davanger,M,38,Norway,Curling,2002,1
"Stephen Geoffrey ""Steven"" Redgrave",M,38,Great Britain,Rowing,2000,1
"Matthew Gregory ""Matt"" Kuchar",M,38,United States,Golf,2016,1
Irina Sergeyevna Khabarova,F,38,Russia,Athletics,2004,1
Gyuzel Tagirovna Manyurova,F,38,Kazakhstan,Wrestling,2016,1
Jean-Michel Lucenay,M,38,France,Fencing,2016,1
Vyacheslav Vladimirovich Yekimov,M,38,Russia,Cycling,2004,1
Jill Officer Hinchey,F,38,Canada,Curling,2014,1
"Allan ""Al"" MacInnis",M,38,Canada,Ice Hockey,2002,1
Mikhail Botvinov,M,38,Austria,CrossCountry Skiing,2006,1
Alessandra Sensini,F,38,Italy,Sailing,2008,1
Vladimir Vyacheslavovich Isakov,M,38,Russia,Shooting,2008,1
Kelly Hardie,F,38,Australia,Softball,2008,1
David Barrufet Bofill,M,38,Spain,Handball,2008,1
David O'Connor,M,38,United States,Equestrianism,2000,2
Thomas Ulsrud,M,38,Norway,Curling,2010,1
Sheila Marie Cornell-Douty,F,38,United States,Softball,2000,1
Jasna ekari (Brajkovi-),F,38,Serbia and Montenegro,Shooting,2004,1
Delphine Jeanine Annie Racinet-Reau,F,38,France,Shooting,2012,1
Kimmo Samuel Timonen,M,38,Finland,Ice Hockey,2014,1
William Reid Priddy,M,38,United States,Volleyball,2016,1
Marcelo Bastos Ferreira,M,38,Brazil,Sailing,2004,1
Paolo Tofoli,M,37,Italy,Volleyball,2004,1
Satu Mkel-Nummela,F,37,Finland,Shooting,2008,1
"Phillip Francis ""Phil"" Housley",M,37,United States,Ice Hockey,2002,1
Dmitry Georgiyevich Gorshkov,M,37,Russia,Water Polo,2004,1
Marco Innocenti,M,37,Italy,Shooting,2016,1
Juraj Tarr,M,37,Slovakia,Canoeing,2016,1
Tania Di Mario,F,37,Italy,Water Polo,2016,1
Christina Bertrup,F,37,Sweden,Curling,2014,1
Kerri Lee Walsh Jennings,F,37,United States-1,Beach Volleyball,2016,1
Graeme John Lloyd,M,37,Australia,Baseball,2004,1
Koji Alexander Murofushi,M,37,Japan,Athletics,2012,1
"Andrew ""Andy"" Triggs Hodge",M,37,Great Britain,Rowing,2016,1
Tanyu Khristov Kiryakov,M,37,Bulgaria,Shooting,2000,1
Bob Johannes Carolus de Jong,M,37,Netherlands,Speed Skating,2014,1
Drew Cameron Ginn,M,37,Australia,Rowing,2012,1
Tamika Devonne Catchings,F,37,United States,Basketball,2016,1
Adiel Palma Lpez,M,37,Cuba,Baseball,2008,1
"Patrick Lance ""Pat"" Borders",M,37,United States,Baseball,2000,1
Lisa Margrit Wilcox,F,37,United States,Equestrianism,2004,1
Andr Bier Johannpeter,M,37,Brazil,Equestrianism,2000,1
Luca Devoti,M,37,Italy,Sailing,2000,1
Lzaro Valle Martell,M,37,Cuba,Baseball,2000,1
Sara Anneli Algotsson Ostholt,F,37,Sweden,Equestrianism,2012,1
Martin Pierre Brodeur,M,37,Canada,Ice Hockey,2010,1
"Christopher Deon ""Chris"" Brown",M,37,Bahamas,Athletics,2016,1
"Peter Thomas ""Pete"" Fenson",M,37,United States,Curling,2006,1
Norge Luis Vera Peralta,M,37,Cuba,Baseball,2008,1
William Peixoto Arjona,M,37,Brazil,Volleyball,2016,1
Shannon Kleibrink,F,37,Canada,Curling,2006,1
Tnu Endrekson,M,37,Estonia,Rowing,2016,1
Gerda Weissensteiner,F,37,Italy-1,Bobsleigh,2006,1
Gregor Sthli,M,37,Switzerland,Skeleton,2006,1
Alexander Mah Owens Drysdale,M,37,New Zealand,Rowing,2016,1
Clara Hughes,F,37,Canada,Speed Skating,2010,1
Phelan Peter Hill,M,37,Great Britain,Rowing,2016,1
Igor Vyacheslavovich Astapkovich,M,37,Belarus,Athletics,2000,1
Mlina Robert-Michon,F,37,France,Athletics,2016,1
Igor Mikhaylovich Basinsky,M,37,Belarus,Shooting,2000,2
Lars Nieberg,M,37,Germany,Equestrianism,2000,1
Ruth Beita Vila,F,37,Spain,Athletics,2016,1
Stefano Tempesti,M,37,Italy,Water Polo,2016,1
Silvio Martinello,M,37,Italy,Cycling,2000,1
Melanie Jane Roche,F,37,Australia,Softball,2008,1
Radek tpnek,M,37,Czech Republic,Tennis,2016,1
Chris Kappler,M,37,United States,Equestrianism,2004,2
Teppo Kalevi Numminen,M,37,Finland,Ice Hockey,2006,1
Michiel Bernhard Emiel Marie Bartman,M,37,Netherlands,Rowing,2004,1
Rolando Merio Betancourt,M,37,Cuba,Baseball,2008,1
"Jonathan Davis ""Jonny"" Clay",M,37,Great Britain,Cycling,2000,1
Juan Manuel Vivaldi,M,37,Argentina,Hockey,2016,1
James Todd Graves,M,37,United States,Shooting,2000,1
Juan Miguel Rodrguez Martnez,M,37,Cuba,Shooting,2004,1
Gary Lee Suter,M,37,United States,Ice Hockey,2002,1
Anna Maria Prytz,F,37,Sweden,Curling,2014,1
Kristi Lee Harrower,F,37,Australia,Basketball,2012,1
Daniel Mesotitsch,M,37,Austria,Biathlon,2014,1
"Kimberly Susan ""Kim"" Rhode (-Harryman)",F,37,United States,Shooting,2016,1
Marek Antoni Kolbowicz,M,37,Poland,Rowing,2008,1
Darren Bundock,M,37,Australia,Sailing,2008,1
Constana Pipot-Burcic,F,37,Romania,Rowing,2008,1
Christie Patricia Pearce-Rampone,F,37,United States,Football,2012,1
Markus Zimmermann,M,37,Germany-1,Bobsleigh,2002,1
Markus Prock,M,37,Austria,Luge,2002,1
Brett Andrew Hull,M,37,United States,Ice Hockey,2002,1
Mariya Valeryevna Mazina,F,36,Russia,Fencing,2000,1
Antonio Pacheco Mass,M,36,Cuba,Baseball,2000,1
"Katherine Mary ""Daisy"" Dick (-Berkeley)",F,36,Great Britain,Equestrianism,2008,1
Svetlana Anatolyevna Boyko,F,36,Russia,Fencing,2008,1
Maja Savi,F,36,Montenegro,Handball,2012,1
Sylke Otto,F,36,Germany,Luge,2006,1
Lesley McNaught-Mndli,F,36,Switzerland,Equestrianism,2000,1
"Kathrin Louise ""Kate"" Richardson-Walsh",F,36,Great Britain,Hockey,2016,1
Felipe Reyes Cabaas,M,36,Spain,Basketball,2016,1
Shirley Ann Robertson (-Boag),F,36,Great Britain,Sailing,2004,1
Tibor Benedek,M,36,Hungary,Water Polo,2008,1
Karin Thrig (-Bucher),F,36,Switzerland,Cycling,2008,1
Katalin Kovcs,F,36,Hungary,Canoeing,2012,2
Beniamino Bonomi,M,36,Italy,Canoeing,2004,1
Luigi Mastrangelo,M,36,Italy,Volleyball,2012,1
Simon Peter Burgess,M,36,Australia,Rowing,2004,1
Kristine Lunde-Borgersen,F,36,Norway,Handball,2016,1
Eirik Vers Larsen,M,36,Norway,Canoeing,2012,1
Tatyana Yuryevna Logunova,F,36,Russia,Fencing,2016,1
Teresa Edwards,F,36,United States,Basketball,2000,1
Sergey Vladimirovich Polyakov,M,36,Russia,Shooting,2004,1
Tully Louise Bevilaqua (Crook-),F,36,Australia,Basketball,2008,1
"Franciscus Ronaldus Maria ""Ronald"" Jansen",M,36,Netherlands,Hockey,2000,1
Kjersti Tysse-Pltzer,F,36,Norway,Athletics,2008,1
Beat Hefti,M,36,Switzerland-1,Bobsleigh,2014,1
Erik Staffan Olsson,M,36,Sweden,Handball,2000,1
Frano Vian,M,36,Croatia,Water Polo,2012,1
Anna Maria Svrd-Le Moine (Bergstrm-),F,36,Sweden,Curling,2010,1
"Spyridon ""Spyros"" Gianniotis",M,36,Greece,Swimming,2016,1
Teun Floris de Nooijer,M,36,Netherlands,Hockey,2012,1
Elena Kalisk,F,36,Slovakia,Canoeing,2008,1
Krisztina Fazekas Zur,F,36,Hungary,Canoeing,2016,1
Gabriella Paruzzi,F,36,Italy,CrossCountry Skiing,2006,1
"Stephen Gregory ""Steve"" Yzerman",M,36,Canada,Ice Hockey,2002,1
Marion Clignet,F,36,France,Cycling,2000,1
Karsten Forsterling,M,36,Australia,Rowing,2016,1
"Kelley Law (Atkins-, -Owen)",F,36,Canada,Curling,2002,1
Lisa Deshawn Leslie (-Lockwood),F,36,United States,Basketball,2008,1
Fulvio Valbusa,M,36,Italy,CrossCountry Skiing,2006,1
Mario Stecher,M,36,Austria,Nordic Combined,2014,1
Saskia Clark,F,36,Great Britain,Sailing,2016,1
Sergey Yuryevich Tetyukhin,M,36,Russia,Volleyball,2012,1
Larisa Aleksandrovna Peleshenko (Agapova-),F,36,Russia,Athletics,2000,1
Scott Niedermayer,M,36,Canada,Ice Hockey,2010,1
Luis Ulacia lvarez,M,36,Cuba,Baseball,2000,1
Eric Gsta Magnus Jernemyr,M,36,Sweden,Handball,2012,1
"Thomas Patrick ""Tom"" Barrasso",M,36,United States,Ice Hockey,2002,1
Mario Lemieux,M,36,Canada,Ice Hockey,2002,1
Tanya Victoria Harding,F,36,Australia,Softball,2008,1
Laia Palau Alts,F,36,Spain,Basketball,2016,1
Tan Zongliang,M,36,China,Shooting,2008,1
Lalita Vadimovna Milshina-Yauhleuskaya,F,36,Belarus,Shooting,2000,1
Justin Peter Rose,M,36,Great Britain,Golf,2016,1
Lloy James Ball,M,36,United States,Volleyball,2008,1
Bradley Marc Wiggins,M,36,Great Britain,Cycling,2016,1
Amaurys Perez,M,36,Italy,Water Polo,2012,1
Claudia Knzel-Nystad,F,36,Germany,CrossCountry Skiing,2014,1
Guillaume Alain Gille,M,36,France,Handball,2012,1
Roland Kkny,M,36,Hungary,Canoeing,2012,1
Brandi Denise Chastain,F,36,United States,Football,2004,1
Ville Sakari Peltonen,M,36,Finland,Ice Hockey,2010,1
Volker Zerbe,M,36,Germany,Handball,2004,1
Carlos Mauricio Espnola Lorenzo,M,36,Argentina,Sailing,2008,1
Jaouad Gharib,M,36,Morocco,Athletics,2008,1
Maurizio Randazzo,M,36,Italy,Fencing,2000,1
Jos Javier Hombrados Ibez,M,36,Spain,Handball,2008,1
Igor Hini,M,36,Croatia,Water Polo,2012,1
Gillian Maria Elisabeth van den Berg,F,36,Netherlands,Water Polo,2008,1
"Charles S. ""Charlie"" Ogletree",M,36,United States,Sailing,2004,1
Patricia Anahi Tarabini,F,36,Argentina,Tennis,2004,1
Javier Mndez Gonzlez,M,36,Cuba,Baseball,2000,1
Jason Edward Lezak,M,36,United States,Swimming,2012,1
Helle Mller Jespersen,F,36,Denmark,Sailing,2004,1
Jin Jong-O,M,36,South Korea,Shooting,2016,1
Daniel Narcisse,M,36,France,Handball,2016,1
Nobuharu Asahara,M,36,Japan,Athletics,2008,1
Monika Ewa Michalik (Rogien-),F,36,Poland,Wrestling,2016,1
Brian Christopher Rafalski,M,36,United States,Ice Hockey,2010,1
Pnlope Leprvost,F,36,France,Equestrianism,2016,1
"John Clay Lovell, III",M,36,United States,Sailing,2004,1
Brian Price,M,36,Canada,Rowing,2012,1
Xavier Charles Ren Rohart,M,36,France,Sailing,2004,1
Olga Sergeyevna Zabelinskaya (Sukhoruchenkova-),F,36,Russia,Cycling,2016,1
Pter Somfai,M,36,Hungary,Fencing,2016,1
Yekaterina Anatolyevna Khodotovich-Karsten,F,36,Belarus,Rowing,2008,1
Robert Marek Korzeniowski,M,36,Poland,Athletics,2004,1
Rachael Pamela Sporn,F,36,Australia,Basketball,2004,1
Olena Anatolivna Antonova,F,36,Ukraine,Athletics,2008,1
Aleksandar otar,M,36,Serbia and Montenegro,Water Polo,2000,1
Joel Snchez Guerrero,M,36,Mexico,Athletics,2000,1
Hans Einar Magnus Wislander,M,36,Sweden,Handball,2000,1
"Jennifer J. Fetter ""JJ"" Isler",F,36,United States,Sailing,2000,1
"Wincatherine Nyambura ""Catherine"" Ndereba",F,36,Kenya,Athletics,2008,1
Allison M. Brock,F,36,United States,Equestrianism,2016,1
Virgilijus Alekna,M,36,Lithuania,Athletics,2008,1
Michele Frangilli,M,36,Italy,Archery,2012,1
Andr Lange,M,36,Germany-1,Bobsleigh,2010,2
Jere Kalervo Lehtinen,M,36,Finland,Ice Hockey,2010,1
"Ricardo ""Ricardinho"" Bermudez Garcia",M,36,Brazil,Volleyball,2012,1
Daouda Karabou,M,36,France,Handball,2012,1
Joy Lynn Fawcett (Biefeld-),F,36,United States,Football,2004,1
Georgina Wheatcroft (Hawkes-),F,36,Canada,Curling,2002,1
Rossano Galtarossa,M,36,Italy,Rowing,2008,1
"Christopher Andrew ""Chris"" Hoy",M,36,Great Britain,Cycling,2012,2
Russell Andrew Mark,M,36,Australia,Shooting,2000,1
Juan Carlos Navarro Feijoo,M,36,Spain,Basketball,2016,1
Judith Arndt,F,36,Germany,Cycling,2012,1
Samuel Bode Miller,M,36,United States,Alpine Skiing,2014,1
Herman Horn Johannessen,M,36,Norway,Sailing,2000,1
ric Claude Franois Srecki,M,36,France,Fencing,2000,1
Marta de Souza Sobral,F,36,Brazil,Basketball,2000,1
Per Ola Markus Lindgren,M,36,Sweden,Handball,2000,1
Christoph Bieler,M,36,Austria,Nordic Combined,2014,1
"Matthew Morgan ""Matt"" Ryan",M,36,Australia,Equestrianism,2000,1
Venus Ebony Starr Williams,F,36,United States-1,Tennis,2016,1
Venio Losert,M,36,Croatia,Handball,2012,1
Maurcio Camargo Lima,M,36,Brazil,Volleyball,2004,1
Pau Gasol Sez,M,36,Spain,Basketball,2016,1
Daniele Pasquale Sottile,M,36,Italy,Volleyball,2016,1
Zhao Hongbo,M,36,China-1,Figure Skating,2010,1
Mathieu Ren Bozzetto,M,36,France,Snowboarding,2010,1
Jayna Hefford,F,36,Canada,Ice Hockey,2014,1
Iain Bryden Percy,M,36,Great Britain,Sailing,2012,1
David Vladimirovi Musubes,M,36,Slovakia,Wrestling,2008,1
Alexandra Simons de Ridder,F,36,Germany,Equestrianism,2000,1
"Jeffrey ""Jeff"" Pain",M,35,Canada,Skeleton,2006,1
Daniela Anschtz-Thoms,F,35,Germany,Speed Skating,2010,1
Alessio Sartori,M,35,Italy,Rowing,2012,1
Nicola Wilson,F,35,Great Britain,Equestrianism,2012,1
Caroline Brunet,F,35,Canada,Canoeing,2004,1
Kerri-Ann Pottharst,F,35,Australia-1,Beach Volleyball,2000,1
Thomas Ebert,M,35,Denmark,Rowing,2008,1
Jamie Alan Staff,M,35,Great Britain,Cycling,2008,1
Luis Miguel Rodrguez Ricardo,M,35,Cuba,Baseball,2008,1
"Thomas John ""Tom"" Hoff",M,35,United States,Volleyball,2008,1
O Sang-Eun,M,35,South Korea,Table Tennis,2012,1
"Nikolaos ""Nikos"" Kaklamanakis",M,35,Greece,Sailing,2004,1
Dante Boninfante,M,35,Italy,Volleyball,2012,1
Klaus-Dieter Petersen,M,35,Germany,Handball,2004,1
Kevin Staut,M,35,France,Equestrianism,2016,1
Kim Min-Jae,M,35,South Korea,Baseball,2008,1
Jason Frederick Kidd,M,35,United States,Basketball,2008,1
Damir Buri,M,35,Croatia,Water Polo,2016,1
Artur Surenovych Aivazian,M,35,Ukraine,Shooting,2008,1
"Rebecca D. ""Becky"" Kellar (-Duke)",F,35,Canada,Ice Hockey,2010,1
Oh Yeong-Ran,F,35,South Korea,Handball,2008,1
Jan trba,M,35,Czech Republic,Canoeing,2016,1
Oh Seong-Ok,F,35,South Korea,Handball,2008,1
Hvard Klemetsen,M,35,Norway,Nordic Combined,2014,1
Paul Gonzalez,M,35,Australia,Baseball,2004,1
Fernando Echavarri Erasum,M,35,Spain,Sailing,2008,1
Igor Aleksandrovich Kravchuk,M,35,Russia,Ice Hockey,2002,1
Lars Tomas Sivertsson,M,35,Sweden,Handball,2000,1
"Christopher Robert ""Chris"" Pronger",M,35,Canada,Ice Hockey,2010,1
Lascelles Oneil Brown,M,35,Canada-1,Bobsleigh,2010,1
Adriana Brando Behar,F,35,Brazil-1,Beach Volleyball,2004,1
"Suzanne Brigit ""Sue"" Bird",F,35,United States,Basketball,2016,1
Leuris Pupo Requejo,M,35,Cuba,Shooting,2012,1
Fabian Cancellara,M,35,Switzerland,Cycling,2016,1
Per Henrik Tallinder,M,35,Sweden,Ice Hockey,2014,1
Fabrizio Donato,M,35,Italy,Athletics,2012,1
Fabricio Ral Jess Oberto,M,35,Argentina,Basketball,2008,1
Pedro Luis Lazo Iglesias,M,35,Cuba,Baseball,2008,1
Antonio Rossi,M,35,Italy,Canoeing,2004,1
Holly S. McPeak (-Armato),F,35,United States-2,Beach Volleyball,2004,1
lafur Indrii Stefnsson,M,35,Iceland,Handball,2008,1
Cheng Hui,F,35,China,Hockey,2008,1
Christof Schwaller,M,35,Switzerland,Curling,2002,1
"Peter ""Pete"" Reed",M,35,Great Britain,Rowing,2016,1
Susan Rene Williams (Bartholomew-),F,35,United States,Triathlon,2004,1
Peta Louise Edebone,F,35,Australia,Softball,2004,1
Aino-Kaisa Saarinen,F,35,Finland,CrossCountry Skiing,2014,2
Omar Ajete Iglesias,M,35,Cuba,Baseball,2000,1
Orestes Kindeln Olivares,M,35,Cuba,Baseball,2000,1
Pietro Piller Cottrer,M,35,Italy,CrossCountry Skiing,2010,1
"Charles Benedict ""Ben"" Ainslie",M,35,Great Britain,Sailing,2012,1
Catharine Pendrel,F,35,Canada,Cycling,2016,1
Hans-Peter Steinacher,M,35,Austria,Sailing,2004,1
Olena Ivanivna Pakholchyk,F,35,Ukraine,Sailing,2000,1
Olga Alekseyevna Zaytseva (-Augustin),F,35,Russia,Biathlon,2014,1
Olga Anatolyevna Slyusareva,F,35,Russia,Cycling,2004,2
Olivier Damien Girault,M,35,France,Handball,2008,1
Olli Veli Pekka Jokinen,M,35,Finland,Ice Hockey,2014,1
Hayley Marie Wickenheiser,F,35,Canada,Ice Hockey,2014,1
Anthony Lee Ervin,M,35,United States,Swimming,2016,2
"Philippa Rachel ""Pippa"" Funnell (Nolan-)",F,35,Great Britain,Equestrianism,2004,2
Frances Julia Houghton,F,35,Great Britain,Rowing,2016,1
Pierre Fritz Lueders,M,35,Canada-1,Bobsleigh,2006,1
Heather Moyse,F,35,Canada-1,Bobsleigh,2014,1
Pierpaolo Ferrazzi,M,35,Italy,Canoeing,2000,1
Heike Gabriela Drechsler (Daute-),F,35,Germany,Athletics,2000,1
Irek Khaydarovich Zinnurov,M,35,Russia,Water Polo,2004,1
Kent Farrington,M,35,United States,Equestrianism,2016,1
Miriam Batten (-Luke),F,35,Great Britain,Rowing,2000,1
Mara Isabel Urrutia Ocor,F,35,Colombia,Weightlifting,2000,1
"Joseph ""Joe"" Nieuwendyk",M,35,Canada,Ice Hockey,2002,1
Mara Luisa Calle Williams,F,35,Colombia,Cycling,2004,1
Robert Lang,M,35,Czech Republic,Ice Hockey,2006,1
Didier Dominique Dinart,M,35,France,Handball,2012,1
Mikhail Valeryevich Nestruyev,M,35,Russia,Shooting,2004,2
Andrei Xepkin Xepkina,M,35,Spain,Handball,2000,1
Andrus Veerpalu,M,35,Estonia,CrossCountry Skiing,2006,1
Karl Ronnie Sundin,M,35,Sweden,Ice Hockey,2006,1
Robert Rintje Ritsma,M,35,Netherlands,Speed Skating,2006,1
Rumyana Dimitrova Dzhadzharova-Neykova,F,35,Bulgaria,Rowing,2008,1
Vlado ola,M,35,Croatia,Handball,2004,1
Emanuele Birarelli,M,35,Italy,Volleyball,2016,1
Kasper Sndergaard Sarup,M,35,Denmark,Handball,2016,1
Shannon Leigh Boxx,F,35,United States,Football,2012,1
Mira Potkonen,F,35,Finland,Boxing,2016,1
Duncan Seth Free,M,35,Australia,Rowing,2008,1
Vasily Aleksandrovich Kudinov,M,35,Russia,Handball,2004,1
Torger Nergrd,M,35,Norway,Curling,2010,1
Roland Gbler,M,35,Germany,Sailing,2000,1
Trine Haltvik,F,35,Norway,Handball,2000,1
"Meiskelina Catharina Anna ""Carien"" Kleibeuker",F,35,Netherlands,Speed Skating,2014,1
"Gilberto Amauri ""Giba"" de Godoy Filho",M,35,Brazil,Volleyball,2012,1
Michele Margaret Timms,F,35,Australia,Basketball,2000,1
Barbora potkov,F,35,Czech Republic,Athletics,2016,1
Michel Ansermet,M,35,Switzerland,Shooting,2000,1
Andrew James Simpson,M,35,Great Britain,Sailing,2012,1
Bart Jan-Baptist Marie Brentjens,M,35,Netherlands,Cycling,2004,1
Violeta Beclea-Szekely,F,35,Romania,Athletics,2000,1
"Michael Thomas ""Mike"" Richter",M,35,United States,Ice Hockey,2002,1
Vicky Sunohara,F,35,Canada,Ice Hockey,2006,1
Bastian Steger,M,35,Germany,Table Tennis,2016,1
Eldece Clarke-Lewis,F,35,Bahamas,Athletics,2000,1
Edvinas Krungolcas,M,35,Lithuania,Modern Pentathlon,2008,1
Rhona Martin (Howie-),F,35,Great Britain,Curling,2002,1
Maider Unda Gonzlez de Audicana,F,35,Spain,Wrestling,2012,1
Timo Boll,M,35,Germany,Table Tennis,2016,1
"Nicholas Charles ""Nick"" Dempsey",M,35,Great Britain,Sailing,2016,1
Jrme Fernandez,M,35,France,Handball,2012,1
Sally Jane McDermid-McCreedy,F,35,Australia,Softball,2000,1
Ricco Gro,M,35,Germany,Biathlon,2006,1
Jesper Nddesbo,M,35,Denmark,Handball,2016,1
Mabel Mosquera Mena,F,35,Colombia,Weightlifting,2004,1
David Murdoch,M,35,Great Britain,Curling,2014,1
"Alexandra Angela ""Sandie"" Richards",F,35,Jamaica,Athletics,2004,1
"Ursula ""Uschi"" Disl",F,35,Germany,Biathlon,2006,1
Thrse Anne Brisson,F,35,Canada,Ice Hockey,2002,1
Saku Antero Koivu,M,35,Finland,Ice Hockey,2010,1
Eduardo Paret Prez,M,35,Cuba,Baseball,2008,1
Juan Mara de la Fuente,M,35,Argentina,Sailing,2012,1
Silke Kraushaar (-Pielach),F,35,Germany,Luge,2006,1
Martina Hingis (-Hutin),F,35,Switzerland,Tennis,2016,1
Rita Kbn,F,35,Hungary,Canoeing,2000,1
Vanderlei Cordeiro de Lima,M,35,Brazil,Athletics,2004,1
Bruno Risi,M,35,Switzerland,Cycling,2004,1
Ryan Fry,M,35,Canada,Curling,2014,1
Georg Hackl,M,35,Germany,Luge,2002,1
"Sandra Anne ""Sandy"" Brondello",F,35,Australia,Basketball,2004,1
"Timothy ""Tim"" Thomas, Jr.",M,35,United States,Ice Hockey,2010,1
Bryan Steel,M,35,Great Britain,Cycling,2004,1
Maki Tabata,F,35,Japan,Speed Skating,2010,1
Mrti Rubenis,M,35,Latvia,Luge,2014,1
Nicklas Erik Lidstrm,M,35,Sweden,Ice Hockey,2006,1
"Maksim Nikolayevich ""Max"" Mirnyi",M,35,Belarus,Tennis,2012,1
Lyubov Vladimirovna Galkina,F,35,Russia,Shooting,2008,1
Sven Fischer,M,34,Germany,Biathlon,2006,3
Bertrand Fabien Gille,M,34,France,Handball,2012,1
Roseli de Belo,F,34,Brazil,Football,2004,1
April Elizabeth Ross,F,34,United States-1,Beach Volleyball,2016,1
Liudmyla Dmytrivna Shevchenko,F,34,Ukraine,Handball,2004,1
Maxime Eugne Ren Beaumont,M,34,France,Canoeing,2016,1
Mark John Hunter,M,34,Great Britain,Rowing,2012,1
Erwann Lucien douard Le Pchoux,M,34,France,Fencing,2016,1
Elaine Clara Marie Hermenia Youngs,F,34,United States-2,Beach Volleyball,2004,1
Christian Schwarzer,M,34,Germany,Handball,2004,1
Mark Raymond Woodforde,M,34,Australia,Tennis,2000,1
Mayya Andreyevna Petrova (Kaverina-),F,34,Russia,Handball,2016,1
Ronald Rauhe,M,34,Germany,Canoeing,2016,1
Patrick Denis Marleau,M,34,Canada,Ice Hockey,2014,1
Patrice Lhtellier,M,34,France,Fencing,2000,1
Christian Reich,M,34,Switzerland-1,Bobsleigh,2002,1
Levi Leipheimer,M,34,United States,Cycling,2008,1
Christopher Burton,M,34,Australia,Equestrianism,2016,1
Bjrn Otto,M,34,Germany,Athletics,2012,1
Sarah Ourahmoune,F,34,France,Boxing,2016,1
Martin Ruinsk,M,34,Czech Republic,Ice Hockey,2006,1
Sabina Valbusa,F,34,Italy,CrossCountry Skiing,2006,1
Evandro Motta Guerra,M,34,Brazil,Volleyball,2016,1
Matas Enrique Paredes,M,34,Argentina,Hockey,2016,1
"Christopher ""Chris"" Newton",M,34,Great Britain,Cycling,2008,1
"Christopher ""Chris"" Kunitz",M,34,Canada,Ice Hockey,2014,1
Massimo Fabbrizi,M,34,Italy,Shooting,2012,1
Lindsay Marie Whalen,F,34,United States,Basketball,2016,1
Ariel Osvaldo Pestano Valdes,M,34,Cuba,Baseball,2008,1
Lindsay Jennerich,F,34,Canada,Rowing,2016,1
Mats Johan Sundin,M,34,Sweden,Ice Hockey,2006,1
Scott Allen Young,M,34,United States,Ice Hockey,2002,1
Pavel Anatolyevich Kolobkov,M,34,Russia,Fencing,2004,1
Per Magnus Andersson,M,34,Sweden,Handball,2000,1
Pavel Aleksandrovich Rostovtsev,M,34,Russia,Biathlon,2006,1
Chen Ying,F,34,China,Shooting,2012,1
Susi-Lisa Erdmann (-Plankensteiner),F,34,Germany-2,Bobsleigh,2002,1
Pauline Elaine Davis-Thompson,F,34,Bahamas,Athletics,2000,2
Mattias Oskar Gustafsson,M,34,Sweden,Handball,2012,1
Du Li,F,34,China,Shooting,2016,2
Beverly McDonald (-Stewart),F,34,Jamaica,Athletics,2004,1
Mario Matt,M,34,Austria,Alpine Skiing,2014,1
Peter kantr,M,34,Slovakia,Canoeing,2016,1
Bent nund Ramsfjell,M,34,Norway,Curling,2002,1
Nicola Spirig Hug,F,34,Switzerland,Triathlon,2016,1
Michal Yves Robert Guigou,M,34,France,Handball,2016,1
Song Jin-U,M,34,South Korea,Baseball,2000,1
Daniel Deuer,M,34,Germany,Equestrianism,2016,1
Mrcio Henrique Barroso Arajo,M,34,Brazil-1,Beach Volleyball,2008,1
"Luciana Paula ""Lucha"" Aymar",F,34,Argentina,Hockey,2012,1
Carlos Coloma Nicols,M,34,Spain,Cycling,2016,1
"Deborah Kathleen ""Debbie"" Watson",F,34,Australia,Water Polo,2000,1
Mvlud Mirliyev,M,34,Azerbaijan,Judo,2008,1
Dawn Michelle Staley,F,34,United States,Basketball,2004,1
Novlene Hilaire Williams-Mills,F,34,Jamaica,Athletics,2016,1
Manfred Kurzer,M,34,Germany,Shooting,2004,1
Misty Erie May-Treanor,F,34,United States-1,Beach Volleyball,2012,1
Shawn Joseph Rojeski,M,34,United States,Curling,2006,1
Sophie Dodmont,F,34,France,Archery,2008,1
Carmela Allucci,F,34,Italy,Water Polo,2004,1
Erik Mattias Andersson,M,34,Sweden,Handball,2012,1
"Monika Weber-Koszto (-Schreck, -Clasen)",F,34,Germany,Fencing,2000,1
"David Wayne ""Dave"" Nilsson",M,34,Australia,Baseball,2004,1
Melissa Palma Julie Tancredi,F,34,Canada,Football,2016,1
Nikolaj Pealov,M,34,Croatia,Weightlifting,2004,1
David Cameron Lee,M,34,United States,Volleyball,2016,1
Rhian Emilie Wilkinson,F,34,Canada,Football,2016,1
Eric Gordon Murray,M,34,New Zealand,Rowing,2016,1
Simon Olof Karl Aspelin,M,34,Sweden-2,Tennis,2008,1
Richard Hounslow,M,34,Great Britain,Canoeing,2016,1
Daina Gudzineviit,F,34,Lithuania,Shooting,2000,1
"Robert Charles ""Bob"" Bryan",M,34,United States-1,Tennis,2012,1
Mirjam Ott,F,34,Switzerland,Curling,2006,1
Michael Jung,M,34,Germany,Equestrianism,2016,2
Michael Reese Hoffa,M,34,United States,Athletics,2012,1
Pierre Roger Valdemar Thorsson,M,34,Sweden,Handball,2000,1
Dmitry Ivanovich Sautin,M,34,Russia,Diving,2008,1
Oswald Haselrieder,M,34,Italy-1,Luge,2006,1
Marco Bracci,M,34,Italy,Volleyball,2000,1
Erik Vlek,M,34,Slovakia,Canoeing,2016,1
Margaret Morton,F,34,Great Britain,Curling,2002,1
Maria Magdalena Wallin-Forsberg,F,34,Sweden,Biathlon,2002,2
Panagiotis Mantis,M,34,Greece,Sailing,2016,1
Pia Carina Hansen (Larsson-),F,34,Sweden,Shooting,2000,1
"Michael Carl ""Mike"" Bryan",M,34,United States-1,Tennis,2012,2
Dirk Schrade,M,34,Germany,Equestrianism,2012,1
Robin Szolkowy,M,34,Germany-1,Figure Skating,2014,1
Oleksandr Sviatoslavovych Petriv,M,34,Ukraine,Shooting,2008,1
Britta Oppelt,F,34,Germany,Rowing,2012,1
Curtis Shayne Joseph,M,34,Canada,Ice Hockey,2002,1
Diana Lurena Taurasi,F,34,United States,Basketball,2016,1
Milica Dabovi,F,34,Serbia,Basketball,2016,1
Manuela Lutze,F,34,Germany,Rowing,2008,1
"Elsa Katrine ""Trine"" Solberg-Hattestad",F,34,Norway,Athletics,2000,1
Caroline Ouellette,F,34,Canada,Ice Hockey,2014,1
Rajyavardhan Singh Rathore,M,34,India,Shooting,2004,1
Mara Magdalena Aicega Amicarelli,F,34,Argentina,Hockey,2008,1
Mara Quintanal Zubizarreta,F,34,Spain,Shooting,2004,1
Marc Lpez i Tarrs,M,34,Spain-2,Tennis,2016,1
Roberto Luongo,M,34,Canada,Ice Hockey,2014,1
Dilshod Nazarov,M,34,Tajikistan,Athletics,2016,1
Diederik Rudolf Simon,M,34,Netherlands,Rowing,2004,1
"Elizabeth Louise ""Beth"" Storry",F,34,Great Britain,Hockey,2012,1
Olga Valeryevna Pylyova-Medvedtseva (Zamorozova-),F,34,Russia,Biathlon,2010,1
Olena Arkadivna Cherevatova (-Derevenko),F,34,Ukraine,Canoeing,2004,1
Jefferson Leonardo Prez Quezada,M,34,Ecuador,Athletics,2008,1
Jrg Ahmann,M,34,Germany-1,Beach Volleyball,2000,1
Jelena Nikoli,F,34,Serbia,Volleyball,2016,1
Adriana Ramos Samuel,F,34,Brazil-2,Beach Volleyball,2000,1
Valter Matoevi,M,34,Croatia,Handball,2004,1
Valter Molea,M,34,Italy,Rowing,2000,1
Ioana Olteanu (Clin-),F,34,Romania,Rowing,2000,1
Josip Pavi,M,34,Croatia,Water Polo,2016,1
Anderson de Oliveira Rodrigues,M,34,Brazil,Volleyball,2008,1
Jennie Idell Reed (-Madden),F,34,United States,Cycling,2012,1
Geraldine Anne Heaney,F,34,Canada,Ice Hockey,2002,1
Jearl Atawa Miles-Clark,F,34,United States,Athletics,2000,1
Irina Vasilyevna Yatchenko,F,34,Belarus,Athletics,2000,1
Yolanda Yvette Griffith,F,34,United States,Basketball,2004,1
Aleksey Nikolayevich Voyevodin,M,34,Russia,Athletics,2004,1
Andrea Giani,M,34,Italy,Volleyball,2004,1
Juan Ignacio Gilardi,M,34,Argentina,Hockey,2016,1
Andrea Gardini,M,34,Italy,Volleyball,2000,1
Yoshie Takeshita (-Egusa),F,34,Japan,Volleyball,2012,1
Heather Blaine Mitts (-Feeley),F,34,United States,Football,2012,1
Valentina Turisini,F,34,Italy,Shooting,2004,1
Heather Petri,F,34,United States,Water Polo,2012,1
"Jennifer Anne ""Jen"" Kessy",F,34,United States-2,Beach Volleyball,2012,1
Konstantin Anatolyevich Ushakov,M,34,Russia,Volleyball,2004,1
Kristen Skjeldal,M,34,Norway,CrossCountry Skiing,2002,2
Agostino Abbagnale,M,34,Italy,Rowing,2000,1
Francisco Javier Bosma Mnguez,M,34,Spain,Beach Volleyball,2004,1
Veronica Angella Campbell-Brown,F,34,Jamaica,Athletics,2016,1
Veronica Cogeanu-Cochela,F,34,Romania,Rowing,2000,1
Ana Macarena Rodrguez Prez,F,34,Argentina,Hockey,2012,1
Jos Manuel Caldern Borrallo,M,34,Spain,Basketball,2016,1
Ihor Anatoliyovych Razoronov,M,34,Ukraine,Weightlifting,2004,1
Kjetil Andr Aamodt,M,34,Norway,Alpine Skiing,2006,1
Jens Dyrlv Eriksen,M,34,Denmark-2,Badminton,2004,1
Frank Luck,M,34,Germany,Biathlon,2002,2
Jens Fiedler,M,34,Germany,Cycling,2004,1
Gerhard Plankensteiner,M,34,Italy-1,Luge,2006,1
Tetiana Viktorivna Tereshchuk-Antypova,F,34,Ukraine,Athletics,2004,1
Yekaterina Aleksandrovna Marennikova,F,34,Russia,Handball,2016,1
Aleksandr Nikolayevich Moskalenko,M,34,Russia,Trampolining,2004,1
Todd Jonathan Rogers,M,34,United States-1,Beach Volleyball,2008,1
Jan elezn,M,34,Czech Republic,Athletics,2000,1
Jan-Ove Waldner,M,34,Sweden,Table Tennis,2000,1
Jacques Brinkman,M,34,Netherlands,Hockey,2000,1
Wolfgang Perner,M,34,Austria,Biathlon,2002,1
Jyrki Heikki Jrvi,M,34,Finland,Sailing,2000,1
Tonya Lynn Verbeek,F,34,Canada,Wrestling,2012,1
Tony Estanguet,M,34,France,Canoeing,2012,1
Andrija Zlati,M,34,Serbia,Shooting,2012,1
Gary Malcolm Neiwand,M,34,Australia,Cycling,2000,2
Jamie Craig Langenbrunner,M,34,United States,Ice Hockey,2010,1
Tracey Mosley,F,34,Australia,Softball,2008,1
Ye Chong,M,34,China,Fencing,2004,1
Hans Peter Francois Minderhoud,M,34,Nadine,Equestrianism,2008,1
Hanna Serhivna Balabanova (Nepitaieva-),F,34,Ukraine,Canoeing,2004,1
Ivn Kovcs,M,34,Hungary,Fencing,2004,1
Ivica Kosteli,M,34,Croatia,Alpine Skiing,2014,1
Jasey-Jay Anderson,M,34,Canada,Snowboarding,2010,1
Anita Moen-Guidon (-Moen Bonden),F,34,Norway,CrossCountry Skiing,2002,2
Kelly Holmes,F,34,Great Britain,Athletics,2004,2
Haruka Saito,F,34,Japan,Softball,2004,1
Katrin Wagner-Augustin,F,34,Germany,Canoeing,2012,1
Andrei Jms,M,34,Estonia,Rowing,2016,1
Katarzyna Wjcicka-Bachleda-Curu (-Trzebunia),F,34,Poland,Speed Skating,2014,1
Justin Alexander Gatlin,M,34,United States,Athletics,2016,1
Jury Dimitri Chechi,M,34,Italy,Gymnastics,2004,1
"Katherine Jessie Jean ""Kate"" Allen (-Diechtler)",F,34,Austria,Triathlon,2004,1
"Timothy Duane ""Tim"" Hardaway",M,34,United States,Basketball,2000,1
"Timothy Alexander ""Tim"" Munnings",M,34,Bahamas,Athletics,2000,1
"Katherine May ""Katie"" Smith",F,34,United States,Basketball,2008,1
Aleksandr Viktorovich Kostoglod,M,34,Russia,Canoeing,2008,1
Jarkko Samuli Ruutu,M,34,Finland,Ice Hockey,2010,1
Vyacheslav Nikolayevich Gorpishin,M,34,Russia,Handball,2004,1
Helen Richardson-Walsh,F,34,Great Britain,Hockey,2016,1
Sylvie Becaert,F,34,France,Biathlon,2010,1
Tania Vicent,F,34,Canada,Short Track Speed Skating,2010,1
Alla Petrovna Tsuper,F,34,Belarus,Freestyle Skiing,2014,1
Jin Gab-Yong,M,34,South Korea,Baseball,2008,1
Felix Gottwald,M,34,Austria,Nordic Combined,2010,1
Gina Miles,F,34,United States,Equestrianism,2008,1
Lee Sang-Gi,M,34,South Korea,Fencing,2000,1
Zoltn Kammerer,M,34,Hungary,Canoeing,2012,1
Iain Brambell,M,34,Canada,Rowing,2008,1
Vladimir Vasilyevich Andreyev,M,34,Russia,Athletics,2000,1
Amy Tryon,F,34,United States,Equestrianism,2004,1
Jonathan David Edwards,M,34,Great Britain,Athletics,2000,1
Lars Magnus Vgberg,M,34,Norway,Curling,2002,1
"Antonio ""Toni"" Tauler Lluls",M,34,Spain,Cycling,2008,1
Hong Jeong-Ho,F,34,South Korea,Handball,2008,1
Flix Snchez Marcelo,M,34,Dominican Republic,Athletics,2012,1
"Virginia ""Vivi"" Ruano Pascual",F,34,Spain-1,Tennis,2008,1
Svetlana Sergeyevna Boyarkina-Zhurova,F,34,Russia,Speed Skating,2006,1
Laurel V. Korholz,F,34,United States,Rowing,2004,1
"Jonathan ""Jon"" Beare",M,34,Canada,Rowing,2008,1
Jos Antonio Escuredo Raimndez,M,34,Spain,Cycling,2004,1
"Vladimir ""Vlada"" Vujasinovi",M,34,Serbia,Water Polo,2008,1
Leonid Anatoliyovych Shaposhnykov,M,34,Ukraine,Rowing,2004,1
Guido Fulst,M,34,Germany,Cycling,2004,1
"Leontine Martha Henrica Petronella ""Leontien"" Zijlaard-van Moorsel",F,34,Netherlands,Cycling,2004,2
Gilles Marguet,M,34,France,Biathlon,2002,1
Guillaume Florent,M,34,France,Sailing,2008,1
Ian Dallas Barker,M,34,Great Britain,Sailing,2000,1
Marit Bjrgen,F,33,Norway,CrossCountry Skiing,2014,3
Giusi Letizia Malato,F,33,Italy,Water Polo,2004,1
Jason Turner,M,33,United States,Shooting,2008,1
Andreas Ihle,M,33,Germany,Canoeing,2012,1
"Daniel Denis ""Dan"" Boyle",M,33,Canada,Ice Hockey,2010,1
Noriko Yamaji,F,33,Japan,Softball,2004,1
Alfredo Rota,M,33,Italy,Fencing,2008,1
Rechelle Margaret Hawkes,F,33,Australia,Hockey,2000,1
Ulf Peter Jrgen Jnsson,M,33,Sweden,Ice Hockey,2006,1
Michal Martikn,M,33,Slovakia,Canoeing,2012,1
Brendan Frederick Shanahan,M,33,Canada,Ice Hockey,2002,1
Julie Sutton-Skinner,F,33,Canada,Curling,2002,1
Carlos Alberto Gamarra Pavon,M,33,Paraguay,Football,2004,1
Mark Dragunski,M,33,Germany,Handball,2004,1
Jaromr Jgr,M,33,Czech Republic,Ice Hockey,2006,1
Johan Fredrik Mathias Fredriksson,M,33,Sweden,CrossCountry Skiing,2006,1
Julie Maurine Foudy,F,33,United States,Football,2004,1
Carlos Alberto Pedroso Curiel,M,33,Cuba,Fencing,2000,1
Diana Bacosi,F,33,Italy,Shooting,2016,1
"Rodrigo ""Rodrigo"" Santana",M,33,Brazil,Volleyball,2012,1
Andreas Schltter,M,33,Germany,CrossCountry Skiing,2006,1
Ulrike Holzner,F,33,Germany-1,Bobsleigh,2002,1
Edwige Lawson-Wade,F,33,France,Basketball,2012,1
Saori Yoshida,F,33,Japan,Wrestling,2016,1
"Edward Theodore ""Ed"" Ling",M,33,Great Britain,Shooting,2016,1
Julie Lynne Black-Burns Richards,F,33,United States,Equestrianism,2004,1
Hans Niklas Kronwall,M,33,Sweden,Ice Hockey,2014,1
Tracy Cameron,F,33,Canada,Rowing,2008,1
Jamie Raymond Dwyer,M,33,Australia,Hockey,2012,1
Brian Joseph Leetch,M,33,United States,Ice Hockey,2002,1
Saskia Bartusiak,F,33,Germany,Football,2016,1
Brigitte McMahon (Huber-),F,33,Switzerland,Triathlon,2000,1
Alison Mowbray,F,33,Great Britain,Rowing,2004,1
"Alice Ruth ""Ruthie"" Bolton-Holifield",F,33,United States,Basketball,2000,1
Mike Wolfs,M,33,Canada,Sailing,2004,1
Mijan Lpez Nez,M,33,Cuba,Wrestling,2016,1
Miikka Sakari Kiprusoff,M,33,Finland,Ice Hockey,2010,1
Kari Mette Johansen,F,33,Norway,Handball,2012,1
Elisa Di Francisca,F,33,Italy,Fencing,2016,1
Carsten Embach,M,33,Germany-2,Bobsleigh,2002,1
Xiaona Shan,F,33,Germany,Table Tennis,2016,1
Robert Sebastian Andrzejuk,M,33,Poland,Fencing,2008,1
Xetaq Qazyumov,M,33,Azerbaijan,Wrestling,2016,1
Michele Mary Smith,F,33,United States,Softball,2000,1
Dalibor Doder,M,33,Sweden,Handball,2012,1
Allar Raja,M,33,Estonia,Rowing,2016,1
Mario Csar Kindeln Mesa,M,33,Cuba,Boxing,2004,1
Andrejus Zadneprovskis,M,33,Lithuania,Modern Pentathlon,2008,1
Rasmus Paul Myrgren,M,33,Sweden,Sailing,2012,1
Michel Andrieux,M,33,France,Rowing,2000,1
"Dibora Monick Olga ""Deborah"" Gravenstijn",F,33,Netherlands,Judo,2008,1
Bengt Tomas Holmstrm,M,33,Sweden,Ice Hockey,2006,1
Diego Emilio Romero Paschetta,M,33,Italy,Sailing,2008,1
Ralph Stckli,M,33,Switzerland,Curling,2010,1
Virpi Katriina Kuitunen (-Sarasvuo),F,33,Finland,CrossCountry Skiing,2010,1
Oksana Aleksandrovna Chusovitina,F,33,Germany,Gymnastics,2008,1
Vladimir Igorevich Malakhov,M,33,Russia,Ice Hockey,2002,1
Marilyn Agliotti,F,33,Netherlands,Hockey,2012,1
Hamish Clive Carter,M,33,New Zealand,Triathlon,2004,1
Viktors erbatihs,M,33,Latvia,Weightlifting,2008,1
Ruslana Oleksivna Taran,F,33,Ukraine,Sailing,2004,1
Dejan Savi,M,33,Serbia,Water Polo,2008,1
Mathew Belcher,M,33,Australia,Sailing,2016,1
Ruslan Mykolaiovych Honcharov,M,33,Ukraine-1,Figure Skating,2006,1
"Deborah ""Debbie"" Knox",F,33,Great Britain,Curling,2002,1
Germn Mesa Fresneda,M,33,Cuba,Baseball,2000,1
DeLisha Lachell Milton-Jones,F,33,United States,Basketball,2008,1
Maya Pedersen (Bieri-),F,33,Switzerland,Skeleton,2006,1
Buvaysar Khamidovich Saytiyev,M,33,Russia,Wrestling,2008,1
Matthew Clive Pinsent,M,33,Great Britain,Rowing,2004,1
Meghan Musnicki,F,33,United States,Rowing,2016,1
Josip Glasnovi,M,33,Croatia,Shooting,2016,1
Rut Hedvig Lindahl,F,33,Sweden,Football,2016,1
Nicola Virginia Adams,F,33,Great Britain,Boxing,2016,1
Wendy Louise Houvenaghel (McClean-),F,33,Great Britain,Cycling,2008,1
Giorgio Di Centa,M,33,Italy,CrossCountry Skiing,2006,2
"Jennifer Marie ""Jenny"" Jones",F,33,Great Britain,Snowboarding,2014,1
Gerco Bernardus Schrder,M,33,Netherlands,Equestrianism,2012,2
"Nicholas Ian ""Nick"" Willis",M,33,New Zealand,Athletics,2016,1
Matej Tth,M,33,Slovakia,Athletics,2016,1
"Delma ""Pretinha"" Gonalves",F,33,Brazil,Football,2008,1
Gerd Kanter,M,33,Estonia,Athletics,2012,1
Ricardo Alex Costa Santos,M,33,Brazil-2,Beach Volleyball,2008,1
Nataliya Viktorovna Nazarova,F,33,Russia,Athletics,2012,1
"Richard Edward ""Rich"" Lambourne",M,33,United States,Volleyball,2008,1
Jos Saturnino Cardozo Otaz,M,33,Paraguay,Football,2004,1
Vernica Mara Cuadrado Dehesa,F,33,Spain,Handball,2012,1
Ana oki,F,33,Montenegro,Handball,2012,1
Nadezhda Viktorovna Torlopova,F,33,Russia,Boxing,2012,1
"Richard Phillip ""Ric"" Egington",M,33,Great Britain,Rowing,2012,1
Max Hoff,M,33,Germany,Canoeing,2016,1
David Kosteleck,M,33,Czech Republic,Shooting,2008,1
Nelson Antonio Tapia Ros,M,33,Chile,Football,2000,1
Dawn McEwen (Askin-),F,33,Canada,Curling,2014,1
David Florence,M,33,Great Britain,Canoeing,2016,1
"Matthew Keir ""Matt"" Langridge",M,33,Great Britain,Rowing,2016,1
Nathan Burgers,M,33,Australia,Hockey,2012,1
Nathalie Xenia Margareta Benedikte zu Sayn-Wittgenstein-Berleburg,F,33,Digby,Equestrianism,2008,1
Walter Fernando Prez,M,33,Argentina,Cycling,2008,1
Hajnalka Kiraly-Picot,F,33,France,Fencing,2004,1
Viktor Viktorovich Maygurov,M,33,Russia,Biathlon,2002,1
Markus Baur,M,33,Germany,Handball,2004,1
Juan Manrique Garca,M,33,Cuba,Baseball,2000,1
Dominique Maltais,F,33,Canada,Snowboarding,2014,1
"Mohamed Muktar Jama ""Mo"" Farah",M,33,Great Britain,Athletics,2016,2
Bruno Kernen,M,33,Switzerland,Alpine Skiing,2006,1
Aleksey Ivanovich Voyevoda,M,33,Russia-1,Bobsleigh,2014,2
Johan Arne Olsson,M,33,Sweden,CrossCountry Skiing,2014,2
Andrea Sartoretti,M,33,Italy,Volleyball,2004,1
Naomi Frances van As,F,33,Netherlands,Hockey,2016,1
Monique Adelinde Cornelissen,F,33,Netherlands,Equestrianism,2012,2
Denis Ivanovich Krivoshlykov,M,33,Russia,Handball,2004,1
Melissa Renee Morrison (-Howard),F,33,United States,Athletics,2004,1
Martin Sauer,M,33,Germany,Rowing,2016,1
Jonas Inge Rikard Edman,M,33,Sweden,Shooting,2000,1
Martin Straka,M,33,Czech Republic,Ice Hockey,2006,1
Monique Garbrecht-Enfeldt,F,33,Germany,Speed Skating,2002,1
Carl Henrik Zetterberg,M,33,Sweden,Ice Hockey,2014,1
Giovane Farinazzo Gvio,M,33,Brazil,Volleyball,2004,1
Jonas Reckermann,M,33,Germany-1,Beach Volleyball,2012,1
Alessandro Fei,M,33,Italy,Volleyball,2012,1
Jean-Franois Di Martino,M,33,France,Fencing,2000,1
Jean-Marc Gaillard,M,33,France,CrossCountry Skiing,2014,1
Monika Karsch,F,33,Germany,Shooting,2016,1
Viktor Jeleni,M,33,Serbia and Montenegro,Water Polo,2004,1
Darcy Marquardt,F,33,Canada,Rowing,2012,1
Giovanni Calabrese,M,33,Italy,Rowing,2000,1
Joachim Flemming Fischer Nielsen,M,33,Denmark-1,Badminton,2012,1
Yana Mykhailivna Dementieva,F,33,Ukraine,Rowing,2012,1
Michael Duane Johnson,M,33,United States,Athletics,2000,1
Ilaria Salvatori,F,33,Italy,Fencing,2012,1
Artur Borisovich Taymazov,M,33,Uzbekistan,Wrestling,2012,1
Lucas Martn Rey,M,33,Argentina,Hockey,2016,1
Kobe Bean Bryant,M,33,United States,Basketball,2012,1
"Theoren Wallace ""Theo"" Fleury",M,33,Canada,Ice Hockey,2002,1
Theresa Anne Luke,F,33,Canada,Rowing,2000,1
Indrek Pertelson,M,33,Estonia,Judo,2004,1
Krisztin Kulcsr,M,33,Hungary,Fencing,2004,1
Zhang Ning,F,33,China,Badminton,2008,1
Kristine Marie Lilly (-Heavey),F,33,United States,Football,2004,1
Tayyiba Mumtaz Haneef-Park,F,33,United States,Volleyball,2012,1
Teja Gregorin,F,33,Slovenia,Biathlon,2014,1
Kristina Nicole Groves,F,33,Canada,Speed Skating,2010,2
Song Dae-Nam,M,33,South Korea,Judo,2012,1
Ivano Bali,M,33,Croatia,Handball,2012,1
Heidi Lke,F,33,Norway,Handball,2016,1
Simon St. Quentin Whitfield,M,33,Canada,Triathlon,2008,1
"Anna Christine ""Anni"" Friesinger-Postma",F,33,Germany,Speed Skating,2010,1
Hedda Helene Berntsen,F,33,Norway,Freestyle Skiing,2010,1
Somjit Jongjohor,M,33,Thailand,Boxing,2008,1
Luka pik,M,33,Slovenia,Rowing,2012,1
Silvia Navarro Jimnez,F,33,Spain,Handball,2012,1
"Kenneth Maxwell ""Ken"" Wallace",M,33,Australia,Canoeing,2016,1
Audun Grnvold,M,33,Norway,Freestyle Skiing,2010,1
Ying Han,F,33,Germany,Table Tennis,2016,1
Lyubov Andreyevna Shutova,F,33,Russia,Fencing,2016,1
Park Jeong-Hui,F,33,South Korea,Handball,2008,1
Asafa Kehine Powell,M,33,Jamaica,Athletics,2016,1
Inna Volodymyrivna Osypenko-Radomska,F,33,Azerbaijan,Canoeing,2016,1
Slobodan Soro,M,33,Serbia,Water Polo,2012,1
Paolo Pizzo,M,33,Italy,Fencing,2016,1
Slobodan Niki,M,33,Serbia,Water Polo,2016,1
Erik Daniel Sedin,M,33,Sweden,Ice Hockey,2014,1
Slobodan Kova,M,33,Serbia and Montenegro,Volleyball,2000,1
Erik Alexander Jazet,M,33,Netherlands,Hockey,2004,1
Paola Vukojicic,F,33,Argentina,Hockey,2008,1
Claudia Pechstein,F,33,Germany,Speed Skating,2006,2
Eriel Snchez Len,M,33,Cuba,Baseball,2008,1
Lori D. Harrigan (-Mack),F,33,United States,Softball,2004,1
Stefania Belmondo,F,33,Italy,CrossCountry Skiing,2002,3
Laurence Bidaud (-Gradwohl),F,33,Switzerland,Curling,2002,1
ivko Goci,M,33,Serbia,Water Polo,2016,1
Stphane Andr Michel Traineau,M,33,France,Judo,2000,1
Christine Margaret Sinclair,F,33,Canada,Football,2016,1
gatha Bednarczuk Rippel,F,33,Brazil-1,Beach Volleyball,2016,1
Laura Kay Berg,F,33,United States,Softball,2008,1
Lionel Plumenail,M,33,France,Fencing,2000,1
Sven Jimmie Ericsson,M,33,Sweden,Ice Hockey,2014,1
Christian Presciutti,M,33,Italy,Water Polo,2016,1
Hermann Maier,M,33,Austria,Alpine Skiing,2006,2
scar Albeyro Figueroa Mosquera,M,33,Colombia,Weightlifting,2016,1
Li Yanfeng,F,33,China,Athletics,2012,1
Lee Chong Wei,M,33,Malaysia,Badminton,2016,1
Lea Ann Parsley,F,33,United States,Skeleton,2002,1
Svetlana Irekovna Ishmuratova,F,33,Russia,Biathlon,2006,2
Homare Sawa,F,33,Japan,Football,2012,1
Svetlana Yuryevna Vysokova,F,33,Russia,Speed Skating,2006,1
Stig Andr Berge,M,33,Norway,Wrestling,2016,1
Adam Joseph Vella,M,33,Australia,Shooting,2004,1
"Peter M. ""Pete"" Cipollone",M,33,United States,Rowing,2004,1
Tams Molnr,M,33,Hungary,Water Polo,2008,1
Tams Varga,M,33,Hungary,Water Polo,2008,1
Ladislav kantr,M,33,Slovakia,Canoeing,2016,1
Lachlan George Dreher,M,33,Australia,Hockey,2000,1
"Christopher Ellis ""Chris"" Drury",M,33,United States,Ice Hockey,2010,1
Paul Christian Manning,M,33,Great Britain,Cycling,2008,1
Stefano Baldini,M,33,Italy,Athletics,2004,1
Hugo Ariel Sconochini,M,33,Argentina,Basketball,2004,1
Adam Marek Korol,M,33,Poland,Rowing,2008,1
Etienne Stott,M,33,Great Britain-1,Canoeing,2012,1
Ester Workel,F,33,Netherlands,Rowing,2008,1
Lisa M. Fernandez (-Lujan),F,33,United States,Softball,2004,1
"Steven ""Steve"" Holcomb",M,33,United States-1,Bobsleigh,2014,2
Lars Peter Riedel,M,33,Germany,Athletics,2000,1
Chen Zhaoxia,F,33,China,Hockey,2008,1
Christophe Maurice Jean Kemp,M,33,France,Handball,2008,1
Piotr Maachowski,M,33,Poland,Athletics,2016,1
"Magdalena Johanna Maria ""Marleen"" Veldhuis",F,33,Netherlands,Swimming,2012,2
Ivn Luis Zamorano Zamora,M,33,Chile,Football,2000,1
Rachelle De Jong-Viinberg,F,33,Canada,Rowing,2012,1
Mara Lucila Pascua Surez,F,33,Spain,Basketball,2016,1
"James A. ""Jimmy"" Pedro",M,33,United States,Judo,2004,1
Cdric Burdet,M,33,France,Handball,2008,1
"Katarina ""Kati"" Wilhelm",F,33,Germany,Biathlon,2010,1
Tonje Larsen,F,33,Norway,Handball,2008,1
Frode Estil,M,33,Norway,CrossCountry Skiing,2006,1
Emese Judit Szsz,F,33,Hungary,Fencing,2016,1
"Curtis ""Curt"" Tomasevicz",M,33,United States-1,Bobsleigh,2014,1
Tina Marie Thompson,F,33,United States,Basketball,2008,1
Maialen Chourraut Yurramendi,F,33,Spain,Canoeing,2016,1
"Mara Mercedes ""Mechi"" Margalot",F,33,Argentina,Hockey,2008,1
Timo Petteri Nummelin,M,33,Finland,Ice Hockey,2006,1
Sheryl Denice Swoopes,F,33,United States,Basketball,2004,1
Barbara Lechner-Engleder,F,33,Germany,Shooting,2016,1
Cristian Zorzi,M,33,Italy,CrossCountry Skiing,2006,1
Poliana Okimoto-Cintra,F,33,Brazil,Swimming,2016,1
Olga Sergeyevna Kuzenkova,F,33,Russia,Athletics,2004,1
"Timothy ""Tim"" Baillie",M,33,Great Britain-1,Canoeing,2012,1
Qiu Jian,M,33,China,Shooting,2008,1
Barbara Anne Kendall,F,33,New Zealand,Sailing,2000,1
"Angelo F. Taylor, Jr.",M,33,United States,Athletics,2012,1
Ondej Synek,M,33,Czech Republic,Rowing,2016,1
"Catherine Rose ""Katie"" Greves (-Solesbury)",F,33,Great Britain,Rowing,2016,1
